{
  "channel": {
    "desc": "wireless channel used in the 5.0 GHz range",
    "value": 108
  },
  "true_rx_position":{
    "desc" : "Position of RX_SAR robot as per the dataset map",
    "value": 0
  },
  "true_tx_positions":
  {
    "desc":"True groundtruth positions of TX for checking accuracy",
    "value":
    {
      "tx1":{
          "position":{ 
          "x": -4.27,
          "y": 1.80,
          "z": 0.22
          },
          "orientation": {
            "x": 0.0168978497386,
            "y":-0.006858184468,
            "z": 0.453646808863,
            "w": -0.890995025635
          }
        },
       "tx2":{
          "position":{ 
          "x": -4.27,
          "y": 1.80,
          "z": 0.22
          },
          "orientation": {
            "x": 0.0168978497386,
            "y":-0.006858184468,
            "z": 0.453646808863,
            "w": -0.890995025635
          }
        },
       "s3":{
          "position":{ 
          "x": -4.27,
          "y": 1.80,
          "z": 0.22
          },
          "orientation": {
            "x": 0.0168978497386,
            "y":-0.006858184468,
            "z": 0.453646808863,
            "w": -0.890995025635
          }
        },
        "tx3":{
          "position":{ 
          "x": -4.51,
          "y": 0.30,
          "z": 0.30
          },
          "orientation": {
            "x": 0,
            "y": 0,
            "z": 0,
            "w": 0
          }
        },
        "tx4":{
          "position":{ 
          "x": -3.86,
          "y": 2.26,
          "z": 0.22
          },
          "orientation": {
            "x": 0,
            "y": 0,
            "z": 0,
            "w": 0
          }
        },
        "s4":{
          "position":{ 
          "x": -3.86,
          "y": 2.26,
          "z": 0.22
          },
          "orientation": {
            "x": 0,
            "y": 0,
            "z": 0,
            "w": 0
          }
        }
    }
  }
}

