{"0":[{"a_INFO_Transmitting_robot":{"MAC_ID":"00:21:6A:3E:F5:7E","Name":"tx2","groundtruth_azimuth":127.51757478559684,"groundtruth_elevation":89.1074075337113,"groundtruth_position":{"x":-4.269999980926514,"y":1.7999999523162842,"z":0.2199999988079071}},"b_INFO_Receiving_robot":{"displacement_type":"2D","estimated_start_position":{"x":-1.97434,"y":-1.189863,"yaw":-0.18222621083259583,"z":0.161271},"groundtruth_start_position":{"x":-1.97434,"y":-1.189863,"yaw":-0.18222621083259583,"z":0.161271},"id":0},"c_INFO_Performance":{"Forward_channel_packets":3246,"Packets_Used":1005,"Reverse_channel_packets":1077,"azimuth_profile_resolution":360,"elevation_profile_resolution":90,"memory(GB)":4.938816,"time(sec)":2.0285470485687256},"d_INFO_AOA_profile":{"Peaks_above_threshold":1,"Profile_variance":0.04303314909338951,"Top_N_peaks":{"1":{"Total_AOA_Error":17.355627059936523,"azimuth_error":14.704207420349121,"elevation_error":9.219764709472656,"estimated_azimuth":112.81336975097656,"estimated_elevation":79.88764190673828,"magnitude":0.039547163601071474},"2":{"Total_AOA_Error":89.1635971069336,"azimuth_error":57.8239860534668,"elevation_error":67.87145233154297,"estimated_azimuth":69.69359588623047,"estimated_elevation":21.23595428466797,"magnitude":0.0018105084195757452},"3":{"Total_AOA_Error":64.37165832519531,"azimuth_error":-8.359859466552734,"elevation_error":63.826507568359375,"estimated_azimuth":135.87744140625,"estimated_elevation":25.280899047851563,"magnitude":0.0008235769555836112},"4":{"Total_AOA_Error":66.70103454589844,"azimuth_error":-50.47685241699219,"elevation_error":43.60178756713867,"estimated_azimuth":177.9944305419922,"estimated_elevation":45.505619049072266,"magnitude":0.0007534575446387534},"5":{"Total_AOA_Error":19.665699005126953,"azimuth_error":-12.371001243591309,"elevation_error":15.287185668945313,"estimated_azimuth":139.88858032226563,"estimated_elevation":73.82022094726563,"magnitude":0.0005426513564693101}},"Top_N_threshold":25}},{"a_INFO_Transmitting_robot":{"MAC_ID":"00:21:6A:AC:9C:6A","Name":"tx3","groundtruth_azimuth":149.56303044049895,"groundtruth_elevation":87.29928649345956,"groundtruth_position":{"x":-4.510000228881836,"y":0.30000001192092896,"z":0.30000001192092896}},"b_INFO_Receiving_robot":{"displacement_type":"2D","estimated_start_position":{"x":-1.97434,"y":-1.189863,"yaw":-0.18222621083259583,"z":0.161271},"groundtruth_start_position":{"x":-1.97434,"y":-1.189863,"yaw":-0.18222621083259583,"z":0.161271},"id":0},"c_INFO_Performance":{"Forward_channel_packets":3249,"Packets_Used":1006,"Reverse_channel_packets":1079,"azimuth_profile_resolution":360,"elevation_profile_resolution":90,"memory(GB)":4.65978,"time(sec)":2.036247491836548},"d_INFO_AOA_profile":{"Peaks_above_threshold":4,"Profile_variance":0.2774939239025116,"Top_N_peaks":{"1":{"Total_AOA_Error":81.73567199707031,"azimuth_error":50.78866195678711,"elevation_error":64.04086303710938,"estimated_azimuth":98.77437591552734,"estimated_elevation":23.258426666259766,"magnitude":0.014815720319555945},"2":{"Total_AOA_Error":58.514739990234375,"azimuth_error":-13.389612197875977,"elevation_error":56.96220779418945,"estimated_azimuth":162.95265197753906,"estimated_elevation":30.337078094482422,"magnitude":0.012260766685103784},"3":{"Total_AOA_Error":58.05881881713867,"azimuth_error":57.80815887451172,"elevation_error":5.3891754150390625,"estimated_azimuth":91.75487518310547,"estimated_elevation":81.91011047363281,"magnitude":0.007689631088823495},"4":{"Total_AOA_Error":113.23008728027344,"azimuth_error":110.95579528808594,"elevation_error":22.580184936523438,"estimated_azimuth":38.607242584228516,"estimated_elevation":64.71910095214844,"magnitude":0.0070586699888934646},"5":{"Total_AOA_Error":100.01705932617188,"azimuth_error":88.8945083618164,"elevation_error":45.8386116027832,"estimated_azimuth":60.668521881103516,"estimated_elevation":41.46067428588867,"magnitude":0.002979705435244111}},"Top_N_threshold":25}},{"a_INFO_Transmitting_robot":{"MAC_ID":"00:21:6A:3F:17:5A","Name":"tx4","groundtruth_azimuth":118.66056712090021,"groundtruth_elevation":89.14419155900495,"groundtruth_position":{"x":-3.859999895095825,"y":2.259999990463257,"z":0.2199999988079071}},"b_INFO_Receiving_robot":{"displacement_type":"2D","estimated_start_position":{"x":-1.97434,"y":-1.189863,"yaw":-0.18222621083259583,"z":0.161271},"groundtruth_start_position":{"x":-1.97434,"y":-1.189863,"yaw":-0.18222621083259583,"z":0.161271},"id":0},"c_INFO_Performance":{"Forward_channel_packets":3250,"Packets_Used":1005,"Reverse_channel_packets":1078,"azimuth_profile_resolution":360,"elevation_profile_resolution":90,"memory(GB)":4.376876,"time(sec)":2.019399404525757},"d_INFO_AOA_profile":{"Peaks_above_threshold":3,"Profile_variance":0.0788797065615654,"Top_N_peaks":{"1":{"Total_AOA_Error":86.69313049316406,"azimuth_error":71.02825927734375,"elevation_error":49.70598602294922,"estimated_azimuth":47.6323127746582,"estimated_elevation":39.438201904296875,"magnitude":0.03587861204210364},"2":{"Total_AOA_Error":78.38674926757813,"azimuth_error":73.03382873535156,"elevation_error":28.47003173828125,"estimated_azimuth":45.626739501953125,"estimated_elevation":60.674156188964844,"magnitude":0.019712421830361513},"3":{"Total_AOA_Error":72.03612518310547,"azimuth_error":72.03104400634766,"elevation_error":-0.8558120727539063,"estimated_azimuth":46.6295280456543,"estimated_elevation":90.0,"magnitude":0.010382517258372274},"4":{"Total_AOA_Error":78.59029388427734,"azimuth_error":50.9725456237793,"elevation_error":59.81834411621094,"estimated_azimuth":67.68801879882813,"estimated_elevation":29.325841903686523,"magnitude":0.004830650624483227},"5":{"Total_AOA_Error":52.57200622558594,"azimuth_error":49.96976089477539,"elevation_error":16.33519744873047,"estimated_azimuth":68.69081115722656,"estimated_elevation":72.80899047851563,"magnitude":0.0011017995275286678}},"Top_N_threshold":25}}]}