{"0":[{"a_INFO_Transmitting_robot":{"MAC_ID":"00:21:6A:3E:F5:7E","Name":"tx2","groundtruth_azimuth":126.13322101982735,"groundtruth_elevation":89.10806522868015,"groundtruth_position":{"x":-4.269999980926514,"y":1.7999999523162842,"z":0.2199999988079071}},"b_INFO_Receiving_robot":{"displacement_type":"2D","estimated_start_position":{"x":-1.98148,"y":-1.334525,"yaw":-2.3453922271728516,"z":0.159578},"groundtruth_start_position":{"x":-1.98148,"y":-1.334525,"yaw":-2.3453922271728516,"z":0.159578},"id":0},"c_INFO_Performance":{"Forward_channel_packets":3126,"Packets_Used":476,"Reverse_channel_packets":1037,"azimuth_profile_resolution":360,"elevation_profile_resolution":90,"memory(GB)":4.727792,"time(sec)":1.0119357109069824},"d_INFO_AOA_profile":{"Peaks_above_threshold":3,"Profile_variance":0.260781854391098,"Top_N_peaks":{"1":{"Total_AOA_Error":30.535757064819336,"azimuth_error":15.325425148010254,"elevation_error":26.411434173583984,"estimated_azimuth":110.80780029296875,"estimated_elevation":62.69662857055664,"magnitude":0.019628547710239294},"2":{"Total_AOA_Error":77.18812561035156,"azimuth_error":54.434059143066406,"elevation_error":54.72603988647461,"estimated_azimuth":71.69916534423828,"estimated_elevation":34.382022857666016,"magnitude":0.01644202425669232},"3":{"Total_AOA_Error":86.26948547363281,"azimuth_error":79.50370025634766,"elevation_error":33.49008560180664,"estimated_azimuth":46.6295280456543,"estimated_elevation":55.617977142333984,"magnitude":0.010078098655745786},"4":{"Total_AOA_Error":61.92692565917969,"azimuth_error":51.42570495605469,"elevation_error":34.501319885253906,"estimated_azimuth":74.70751953125,"estimated_elevation":54.60674285888672,"magnitude":0.0038250035136153117},"5":{"Total_AOA_Error":101.433349609375,"azimuth_error":100.56219482421875,"elevation_error":13.265365600585938,"estimated_azimuth":25.57103157043457,"estimated_elevation":75.84269714355469,"magnitude":0.0035332108043350705}},"Top_N_threshold":25}},{"a_INFO_Transmitting_robot":{"MAC_ID":"00:21:6A:AC:9C:6A","Name":"tx3","groundtruth_azimuth":147.11993955890256,"groundtruth_elevation":87.32971729970342,"groundtruth_position":{"x":-4.510000228881836,"y":0.30000001192092896,"z":0.30000001192092896}},"b_INFO_Receiving_robot":{"displacement_type":"2D","estimated_start_position":{"x":-1.98148,"y":-1.334525,"yaw":-2.3453922271728516,"z":0.159578},"groundtruth_start_position":{"x":-1.98148,"y":-1.334525,"yaw":-2.3453922271728516,"z":0.159578},"id":0},"c_INFO_Performance":{"Forward_channel_packets":3129,"Packets_Used":478,"Reverse_channel_packets":520,"azimuth_profile_resolution":360,"elevation_profile_resolution":90,"memory(GB)":4.457824,"time(sec)":1.0158758163452148},"d_INFO_AOA_profile":{"Peaks_above_threshold":1,"Profile_variance":0.05408520996570587,"Top_N_peaks":{"1":{"Total_AOA_Error":79.87616729736328,"azimuth_error":65.39291381835938,"elevation_error":45.86904525756836,"estimated_azimuth":81.72702026367188,"estimated_elevation":41.46067428588867,"magnitude":0.11629087273758776},"2":{"Total_AOA_Error":106.29900360107422,"azimuth_error":82.44026947021484,"elevation_error":67.10499572753906,"estimated_azimuth":64.6796646118164,"estimated_elevation":20.224720001220703,"magnitude":0.0029734939581372837},"3":{"Total_AOA_Error":97.39645385742188,"azimuth_error":86.45140838623047,"elevation_error":44.857810974121094,"estimated_azimuth":60.668521881103516,"estimated_elevation":42.47190856933594,"magnitude":0.000990932173676244},"4":{"Total_AOA_Error":175.86874389648438,"azimuth_error":165.6714630126953,"elevation_error":59.015113830566406,"estimated_azimuth":-18.551532745361328,"estimated_elevation":28.314607620239258,"magnitude":0.0007685749126398956},"5":{"Total_AOA_Error":48.304203033447266,"azimuth_error":20.267566680908203,"elevation_error":43.84657287597656,"estimated_azimuth":126.85237121582031,"estimated_elevation":43.48314666748047,"magnitude":0.0006262986327505072}},"Top_N_threshold":25}},{"a_INFO_Transmitting_robot":{"MAC_ID":"00:21:6A:3F:17:5A","Name":"tx4","groundtruth_azimuth":117.59183418385877,"groundtruth_elevation":89.14648738052277,"groundtruth_position":{"x":-3.859999895095825,"y":2.259999990463257,"z":0.2199999988079071}},"b_INFO_Receiving_robot":{"displacement_type":"2D","estimated_start_position":{"x":-1.98148,"y":-1.334525,"yaw":-2.3453922271728516,"z":0.159578},"groundtruth_start_position":{"x":-1.98148,"y":-1.334525,"yaw":-2.3453922271728516,"z":0.159578},"id":0},"c_INFO_Performance":{"Forward_channel_packets":3121,"Packets_Used":475,"Reverse_channel_packets":517,"azimuth_profile_resolution":360,"elevation_profile_resolution":90,"memory(GB)":4.184636,"time(sec)":1.0117915868759155},"d_INFO_AOA_profile":{"Peaks_above_threshold":3,"Profile_variance":0.1543848216533661,"Top_N_peaks":{"1":{"Total_AOA_Error":81.84717559814453,"azimuth_error":79.98738098144531,"elevation_error":17.348731994628906,"estimated_azimuth":37.60445785522461,"estimated_elevation":71.7977523803711,"magnitude":0.011721991094165758},"2":{"Total_AOA_Error":90.39053344726563,"azimuth_error":62.940025329589844,"elevation_error":64.87682342529297,"estimated_azimuth":54.65180969238281,"estimated_elevation":24.269662857055664,"magnitude":0.009316606877309617},"3":{"Total_AOA_Error":119.48542022705078,"azimuth_error":93.02359008789063,"elevation_error":74.98918151855469,"estimated_azimuth":24.56824493408203,"estimated_elevation":14.157303810119629,"magnitude":0.006159005528784007},"4":{"Total_AOA_Error":101.25572967529297,"azimuth_error":94.02637481689453,"elevation_error":37.57345199584961,"estimated_azimuth":23.565460205078125,"estimated_elevation":51.57303237915039,"magnitude":0.002447326458924602},"5":{"Total_AOA_Error":68.25629425048828,"azimuth_error":37.87038803100586,"elevation_error":56.78693389892578,"estimated_azimuth":79.72145080566406,"estimated_elevation":32.35955047607422,"magnitude":0.0023721312653325844}},"Top_N_threshold":25}},{"a_INFO_Transmitting_robot":{"MAC_ID":"00:21:6A:AC:9C:1","Name":"s3","groundtruth_azimuth":126.13322101982735,"groundtruth_elevation":89.10806522868015,"groundtruth_position":{"x":-4.269999980926514,"y":1.7999999523162842,"z":0.2199999988079071}},"b_INFO_Receiving_robot":{"displacement_type":"2D","estimated_start_position":{"x":-1.98148,"y":-1.334525,"yaw":-2.3453922271728516,"z":0.159578},"groundtruth_start_position":{"x":-1.98148,"y":-1.334525,"yaw":-2.3453922271728516,"z":0.159578},"id":0},"c_INFO_Performance":{"Forward_channel_packets":3129,"Packets_Used":477,"Reverse_channel_packets":520,"azimuth_profile_resolution":360,"elevation_profile_resolution":90,"memory(GB)":3.917772,"time(sec)":1.019846796989441},"d_INFO_AOA_profile":{"Peaks_above_threshold":1,"Profile_variance":0.06318001449108124,"Top_N_peaks":{"1":{"Total_AOA_Error":65.20366668701172,"azimuth_error":43.403419494628906,"elevation_error":48.65862274169922,"estimated_azimuth":82.72980499267578,"estimated_elevation":40.449440002441406,"magnitude":0.10313051962420439},"2":{"Total_AOA_Error":45.630584716796875,"azimuth_error":-0.7191432118415833,"elevation_error":45.624916076660156,"estimated_azimuth":126.85237121582031,"estimated_elevation":43.48314666748047,"magnitude":0.0015405202903139013},"3":{"Total_AOA_Error":162.52610778808594,"azimuth_error":143.68197631835938,"elevation_error":75.96199798583984,"estimated_azimuth":-17.54874610900879,"estimated_elevation":13.14606761932373,"magnitude":0.0013668613024032526},"4":{"Total_AOA_Error":80.96851348876953,"azimuth_error":65.4646987915039,"elevation_error":47.64738845825195,"estimated_azimuth":60.668521881103516,"estimated_elevation":41.46067428588867,"magnitude":0.0012304205032734937},"5":{"Total_AOA_Error":91.64720916748047,"azimuth_error":60.45077133178711,"elevation_error":68.88334655761719,"estimated_azimuth":65.68244934082031,"estimated_elevation":20.224720001220703,"magnitude":0.0010817465714956802}},"Top_N_threshold":25}},{"a_INFO_Transmitting_robot":{"MAC_ID":"00:21:6A:3F:17:1","Name":"s4",